<?xml version="1.0" encoding="UTF-8"?>
<LightningComponentBundle xmlns="http://soap.sforce.com/2006/04/metadata">
    <apiVersion>58.0</apiVersion>
    <isExposed>true</isExposed>
    <targets>
        <target>lightningCommunity__Page</target>
        <target>lightningCommunity__Default</target>
    </targets>
     <masterLabel>news category listing</masterLabel>
    <targetConfigs>
        <targetConfig targets="lightningCommunity__Default">
            <property name="newsCategoryPage" label="Article Category Detail Page" type="String" default="News"></property>
        </targetConfig>
    </targetConfigs>
</LightningComponentBundle>