<?xml version="1.0" encoding="UTF-8"?>
<LightningComponentBundle xmlns="http://soap.sforce.com/2006/04/metadata">
    <apiVersion>58.0</apiVersion>
    <isExposed>true</isExposed>
        <targets>
        <target>lightningCommunity__Page</target>
        <target>lightningCommunity__Page_Layout</target>
        <target>lightningCommunity__Theme_Layout</target>
        <target>lightning__AppPage</target>
        <target>lightning__RecordPage</target>
        <target>lightning__HomePage</target>
        <target>lightningCommunity__Default</target>
    </targets>
    
    <targetConfigs>
        <targetConfig targets="lightningCommunity__Default">
            <property name="loginText" label="Login text" type="String" default="LOGIN"></property>
            <property name="usernameLabelText" label="Username label text" type="String" default="Please enter your email address"></property>
            <property name="usernamePlaceholderText" label="Username placeholder text" type="String" default="Email address"></property>
            <property name="usernameMandatoryError" label="Username mandatory error text" type="String" default="The username is required and cannot be empty"></property>
            <property name="usernamePatternError" label="Username pattern error text" type="String" default="Enter a valid email address"></property>
            <property name="nextButtonText" label="Next button text" type="String" default="Next >"></property>
            <property name="passwordLabelText" label="Password label text" type="String" default="Please enter your password"></property>
            <property name="passwordPlaceholderText" label="Username placeholder text" type="String" default="Password"></property>
            <property name="registrationInfoText" label="Registration info text" type="String" default="New to TDS? Please click the appropriate option below to begin the registration process."></property>
            <property name="landlordsButtontext" label="Landlords button text" type="String" default="Landlords >"></property>
            <property name="agentsButtontext" label="Agents button text" type="String" default="Agents >"></property>
            <property name="landlordLink" label="Lanlord registration redirect link" type="String" default="https://www.tdsnorthernireland.com/register/?group=step1"></property>
            <property name="agentLink" label="Lanlord registration redirect link" type="String" default="https://www.tdsnorthernireland.com/register/?group=step1"></property>
        </targetConfig>
    </targetConfigs>
    
</LightningComponentBundle>