<?xml version="1.0" encoding="UTF-8"?>
<LightningComponentBundle xmlns="http://soap.sforce.com/2006/04/metadata">
    <apiVersion>58.0</apiVersion>
    <isExposed>true</isExposed>
    <targets>
        <target>lightningCommunity__Page</target>
        <target>lightningCommunity__Default</target>
    </targets>
    <masterLabel>Helpcentre article detail</masterLabel>
    <targetConfigs>
        <targetConfig targets="lightningCommunity__Default">

            <!-- Filter banner or resource type property -->
            <property name="filterBannerHeading" label="Filter banner heading" type="String" default="HELP CENTRE"></property>
            <property name="tenantLabel" label="Tenant" type="String" default="TENANT"></property>
            <property name="landlordLabel" label="Landlord" type="String" default="LANDLORD"></property>
            <property name="agentLabel" label="Agent" type="String" default="AGENT"></property>
            <property name="selectProductLabel" label="Select product label" type="String" default="Select your product"></property>
            <property name="custodialLabel" label="Custodial" type="String" default="CUSTODIAL"></property>
            <property name="insuredLabel" label="Insured" type="String" default="INSURED"></property>
            <property name="custodialSummary" label="Custodial-Summary" type="String" default="&lt;strong&gt;We hold the deposit,&lt;/strong&gt;&lt;br&gt;your deposit reference is in the format NI1234567"></property>
            <property name="insuredSummary" label="Insured-Summary" type="String" default="&lt;strong&gt;Your agent/landlord holds the deposit,&lt;/strong&gt;&lt;br&gt;your deposit reference is in the format NI1234567"></property>
            <property name="resourceNavigationHeading" label="Resource navigation heading" type="String" default="Select resource"></property>
            <property name="firstLink" label="Resource Nav 1st Link" type="String" default="/nitds1/help-centre/faqs"></property>
            <property name="resourceNav1stLabel" label="Resource Nav 1st Label" type="String" default="FAQS"></property>
            <property name="secondLink" label="Resource Nav 2nd Link" type="String" default="/nitds1/help-centre/case-studies"></property>
            <property name="resourceNav2ndLabel" label="Resource Nav 2nd Label" type="String" default="Case Studies"></property>
            <property name="thirdLink" label="Resource Nav 3rd Link" type="String" default="/nitds1/help-centre/guides"></property>
            <property name="resourceNav3rdLabel" label="Resource Nav 3rd Label" type="String" default="Guides"></property>
            <property name="fourthLink" label="Resource Nav 4th Link" type="String" default="/nitds1/help-centre/templates"></property>
            <property name="resourceNav4thLabel" label="Resource Nav 4th Label" type="String" default="Templates"></property>
            <property name="fifthLink" label="Resource Nav 5th Link" type="String"></property>
            <property name="resourceNav5thLabel" label="Resource Nav 5th Label" type="String"></property>


            <property name="recordId" type="String" label="Record Id" description="Automatically bind the page's record id to the component variable" default="{!recordId}" />
            <property name="articletypebacklink" type="String" label="Article Category Detail Page" description="Automatically change the Article category name back link" default="/nitds1/help-centre/article-categories/" />
            <property name="norelevantresultmsg" label="No Relevant Result Message" type="String" default="0 results found"></property>

        </targetConfig>
    </targetConfigs>
</LightningComponentBundle>